id;name;username;email;company;website
1;Alsace;utilize;Amour.Charpentier@yahoo.fr;synergy transform;asymmetric Incredible empower
2;blue;Buckinghamshire bypass;Jocelyne65@gmail.com;b Rhône-Alpes connect;panel
3;model;Liban Languedoc-Roussillon b;Coraline43@hotmail.fr;pixel SCSI a;Unbranded Kids intermediate
4;cyan Generic;Loan dedicated array;Abdon_Guillot79@hotmail.fr;withdrawal;leverage Architecte
5;Frozen;Ergonomic Tasty compress;Trajan44@gmail.com;Shilling;fuchsia
6;Concrete Small;bandwidth;Pascal4@hotmail.fr;full-range blue Salad;b Bahreïn
7;Gloves c hacking;Tasty;Agrippin.Nicolas4@hotmail.fr;PCI Loan;Pataca port Unbranded
8;connecting Wooden;Berkshire Rhône-Alpes;Quintia.Girard@yahoo.fr;navigating Buckinghamshire software;Kuwaiti Intelligent application
9;full-range robust;compelling;Abdonie57@hotmail.fr;Haute-Normandie extend;Intuitive
10;invoice open Technicien;supply-chains Games;Angilbe.Riviere13@gmail.com;mindshare Books gold;FTP zero input
